id,name,read,pattern,sequence,feature_type,target_gene_id,target_gene_name
2010315B03Rik-1,2010315B03Rik_1,R2,(BC)GTTTAAGAGCTA,AGACACTCAAACACTAAGGG,CRISPR Guide Capture,ENSMUSG00000074829,2010315B03Rik
2010315B03Rik-4,2010315B03Rik_4,R2,(BC)GTTTAAGAGCTA,TGTCCATGGTCGTGAAACCT,CRISPR Guide Capture,ENSMUSG00000074829,2010315B03Rik
Apobec1-1,Apobec1_1,R2,(BC)GTTTAAGAGCTA,GTTTGCATCAGGCGAGCAGG,CRISPR Guide Capture,ENSMUSG00000040613,Apobec1
Apobec1-2,Apobec1_2,R2,(BC)GTTTAAGAGCTA,CGGGGCTTTACCAGCAGTGC,CRISPR Guide Capture,ENSMUSG00000040613,Apobec1
Atf5-1,Atf5_1,R2,(BC)GTTTAAGAGCTA,CCCCAGCCTGAAGCAGAGAG,CRISPR Guide Capture,ENSMUSG00000038539,Atf5
Atf5-3,Atf5_3,R2,(BC)GTTTAAGAGCTA,GGGTCGCCACCGCCCCGTCG,CRISPR Guide Capture,ENSMUSG00000038539,Atf5
Atoh8-1,Atoh8_1,R2,(BC)GTTTAAGAGCTA,CCCTCGCACCCCCACTCCCG,CRISPR Guide Capture,ENSMUSG00000037621,Atoh8
Atoh8-2,Atoh8_2,R2,(BC)GTTTAAGAGCTA,TGACACTCTGAGCTCTCCCG,CRISPR Guide Capture,ENSMUSG00000037621,Atoh8
Bcl6-1,Bcl6_1,R2,(BC)GTTTAAGAGCTA,CCACGATCCGCACTATAGGG,CRISPR Guide Capture,ENSMUSG00000022508,Bcl6
Bcl6-2,Bcl6_2,R2,(BC)GTTTAAGAGCTA,CCGCACTATAGGGCGGCGAG,CRISPR Guide Capture,ENSMUSG00000022508,Bcl6
Calcoco1-1,Calcoco1_1,R2,(BC)GTTTAAGAGCTA,CCTGGGACATGTAGTTCCAC,CRISPR Guide Capture,ENSMUSG00000023055,Calcoco1
Calcoco1-4,Calcoco1_4,R2,(BC)GTTTAAGAGCTA,CCCAGGAGGCTGCGCGCGAG,CRISPR Guide Capture,ENSMUSG00000023055,Calcoco1
Cebpa-1,Cebpa_1,R2,(BC)GTTTAAGAGCTA,CCCAGCAGGCACCATCCTAC,CRISPR Guide Capture,ENSMUSG00000034957,Cebpa
Cebpa-2,Cebpa_2,R2,(BC)GTTTAAGAGCTA,TGACTTTCCAAGGCGGTGAG,CRISPR Guide Capture,ENSMUSG00000034957,Cebpa
Cebpb-1,Cebpb_1,R2,(BC)GTTTAAGAGCTA,AATGACGCGCACCGACCGGG,CRISPR Guide Capture,ENSMUSG00000056501,Cebpb
Cebpb-3,Cebpb_3,R2,(BC)GTTTAAGAGCTA,GGTCGGTGCGCGTCATTGCC,CRISPR Guide Capture,ENSMUSG00000056501,Cebpb
Chd9-1,Chd9_1,R2,(BC)GTTTAAGAGCTA,AGGGAAGAACAGTCCATTGG,CRISPR Guide Capture,ENSMUSG00000056608,Chd9
Chd9-3,Chd9_3,R2,(BC)GTTTAAGAGCTA,TGAGAGTTAACGCCTTTCAG,CRISPR Guide Capture,ENSMUSG00000056608,Chd9
Chuk-1,Chuk_1,R2,(BC)GTTTAAGAGCTA,TTCCGGCAGCACCAATCCCA,CRISPR Guide Capture,ENSMUSG00000025199,Chuk
Chuk-2,Chuk_2,R2,(BC)GTTTAAGAGCTA,TGCCGGAAACTGGGCACCAG,CRISPR Guide Capture,ENSMUSG00000025199,Chuk
Crebl2-1,Crebl2_1,R2,(BC)GTTTAAGAGCTA,CAGTGCGTCTGTAAACACGC,CRISPR Guide Capture,ENSMUSG00000032652,Crebl2
Crebl2-3,Crebl2_3,R2,(BC)GTTTAAGAGCTA,TTTACAGACGCACTGGCAAG,CRISPR Guide Capture,ENSMUSG00000032652,Crebl2
Crebrf-1,Crebrf_1,R2,(BC)GTTTAAGAGCTA,GGCGCCTCGCGATTGGCCTG,CRISPR Guide Capture,ENSMUSG00000048249,Crebrf
Crebrf-2,Crebrf_2,R2,(BC)GTTTAAGAGCTA,CCTGAAGTCTGGCCAATCAG,CRISPR Guide Capture,ENSMUSG00000048249,Crebrf
Creg1-1,Creg1_1,R2,(BC)GTTTAAGAGCTA,ACCCAGTTTCCAGAAGCATA,CRISPR Guide Capture,ENSMUSG00000040713,Creg1
Creg1-4,Creg1_4,R2,(BC)GTTTAAGAGCTA,CAGAGATGAGCAGGCAAGAG,CRISPR Guide Capture,ENSMUSG00000040713,Creg1
Crem-1,Crem_1,R2,(BC)GTTTAAGAGCTA,CCCCGCTGAAACACGATTCC,CRISPR Guide Capture,ENSMUSG00000063889,Crem
Crem-2,Crem_2,R2,(BC)GTTTAAGAGCTA,CTTCAGCTAATTGAGTTCAA,CRISPR Guide Capture,ENSMUSG00000063889,Crem
Csrp3-1,Csrp3_1,R2,(BC)GTTTAAGAGCTA,GGGGTGGGGAACACAACTAA,CRISPR Guide Capture,ENSMUSG00000030470,Csrp3
Csrp3-3,Csrp3_3,R2,(BC)GTTTAAGAGCTA,CAACTAAGGGCTTTGGTCAC,CRISPR Guide Capture,ENSMUSG00000030470,Csrp3
Dbp-1,Dbp_1,R2,(BC)GTTTAAGAGCTA,GCCAAAGCAAACTTCTTTCG,CRISPR Guide Capture,ENSMUSG00000059824,Dbp
Dbp-2,Dbp_2,R2,(BC)GTTTAAGAGCTA,AAAAATCTAAACCAAAACAC,CRISPR Guide Capture,ENSMUSG00000059824,Dbp
Esr1-1,Esr1_1,R2,(BC)GTTTAAGAGCTA,GCCATTCATCCAGCTCGTGC,CRISPR Guide Capture,ENSMUSG00000019768,Esr1
Esr1-2,Esr1_2,R2,(BC)GTTTAAGAGCTA,ACGAGCTGGATGAATGGCAG,CRISPR Guide Capture,ENSMUSG00000019768,Esr1
Gadd45g-1,Gadd45g_1,R2,(BC)GTTTAAGAGCTA,CCCGCTTTCTGATGCAAATG,CRISPR Guide Capture,ENSMUSG00000021453,Gadd45g
Gadd45g-2,Gadd45g_2,R2,(BC)GTTTAAGAGCTA,CTCGTGCCAGAAGGCCACGT,CRISPR Guide Capture,ENSMUSG00000021453,Gadd45g
Gm14403-1,Gm14403_1,R2,(BC)GTTTAAGAGCTA,GTCCATGTAGAGGTTCTGAT,CRISPR Guide Capture,ENSMUSG00000094786,Gm14403
Gm14403-2,Gm14403_2,R2,(BC)GTTTAAGAGCTA,GTTAAAGAGACAGGGCATAG,CRISPR Guide Capture,ENSMUSG00000094786,Gm14403
Hdac11-1,Hdac11_1,R2,(BC)GTTTAAGAGCTA,GCATGACCACGCCCTCCAGG,CRISPR Guide Capture,ENSMUSG00000034245,Hdac11
Hdac11-2,Hdac11_2,R2,(BC)GTTTAAGAGCTA,GCAGCTGCGTCACAGACGAC,CRISPR Guide Capture,ENSMUSG00000034245,Hdac11
Hes6-1,Hes6_1,R2,(BC)GTTTAAGAGCTA,GCGCGCTTTGTCAGGCCCCG,CRISPR Guide Capture,ENSMUSG00000067071,Hes6
Hes6-2,Hes6_2,R2,(BC)GTTTAAGAGCTA,GGTCGGAGAGGCCAGCCGTG,CRISPR Guide Capture,ENSMUSG00000067071,Hes6
Hopx-1,Hopx_1,R2,(BC)GTTTAAGAGCTA,GCAGGGCAACGCACACTTTG,CRISPR Guide Capture,ENSMUSG00000059325,Hopx
Hopx-2,Hopx_2,R2,(BC)GTTTAAGAGCTA,GGCCCCCACGTGCTAGCCCG,CRISPR Guide Capture,ENSMUSG00000059325,Hopx
Hspa1a-1,Hspa1a_1,R2,(BC)GTTTAAGAGCTA,CAACTCCGATTACTCAAGGG,CRISPR Guide Capture,ENSMUSG00000091971,Hspa1a
Hspa1a-3,Hspa1a_3,R2,(BC)GTTTAAGAGCTA,TCCAGCAGTTTCGCGTCTGG,CRISPR Guide Capture,ENSMUSG00000091971,Hspa1a
Id3-1,Id3_1,R2,(BC)GTTTAAGAGCTA,CCGGTCCTGGGCGTTCACAG,CRISPR Guide Capture,ENSMUSG00000007872,Id3
Id3-2,Id3_2,R2,(BC)GTTTAAGAGCTA,ACTGTGAACGCCCAGGACCG,CRISPR Guide Capture,ENSMUSG00000007872,Id3
Irf5-1,Irf5_1,R2,(BC)GTTTAAGAGCTA,AGCTGTCTGCGGTCTCGCGG,CRISPR Guide Capture,ENSMUSG00000029771,Irf5
Irf5-3,Irf5_3,R2,(BC)GTTTAAGAGCTA,CCCATCCACCGCCCACCGCG,CRISPR Guide Capture,ENSMUSG00000029771,Irf5
Irf6-1,Irf6_1,R2,(BC)GTTTAAGAGCTA,AGGGGCGTAGGGTGACGAAG,CRISPR Guide Capture,ENSMUSG00000026638,Irf6
Irf6-4,Irf6_4,R2,(BC)GTTTAAGAGCTA,CCTCTGCGTTCCTGGGCCGC,CRISPR Guide Capture,ENSMUSG00000026638,Irf6
Irf7-1,Irf7_1,R2,(BC)GTTTAAGAGCTA,AGTGACACCCTAGTGACGTC,CRISPR Guide Capture,ENSMUSG00000025498,Irf7
Irf7-5,Irf7_5,R2,(BC)GTTTAAGAGCTA,TCTGAGAGAGTGATCAGTGA,CRISPR Guide Capture,ENSMUSG00000025498,Irf7
Klf9-1,Klf9_1,R2,(BC)GTTTAAGAGCTA,GCGTCTAGAACTACGGCGCG,CRISPR Guide Capture,ENSMUSG00000033863,Klf9
Klf9-3,Klf9_3,R2,(BC)GTTTAAGAGCTA,AAGGGCCCTTCTGACTGGCA,CRISPR Guide Capture,ENSMUSG00000033863,Klf9
Lpin1-1,Lpin1_1,R2,(BC)GTTTAAGAGCTA,GCGACGCCAGGGGACTCTGG,CRISPR Guide Capture,ENSMUSG00000020593,Lpin1
Lpin1-3,Lpin1_3,R2,(BC)GTTTAAGAGCTA,AGAGTCCCCTGGCGTCGCCC,CRISPR Guide Capture,ENSMUSG00000020593,Lpin1
Macrod1-1,Macrod1_1,R2,(BC)GTTTAAGAGCTA,GTGCTCCGGAGAGTCGCGCT,CRISPR Guide Capture,ENSMUSG00000036278,Macrod1
Macrod1-2,Macrod1_2,R2,(BC)GTTTAAGAGCTA,GGACTCTATTTACGGTGCTC,CRISPR Guide Capture,ENSMUSG00000036278,Macrod1
Mafb-1,Mafb_1,R2,(BC)GTTTAAGAGCTA,GCAGCCATTGGCCAACACGC,CRISPR Guide Capture,ENSMUSG00000074622,Mafb
Mafb-4,Mafb_4,R2,(BC)GTTTAAGAGCTA,CCCCCGCGGCCCAGCGACGC,CRISPR Guide Capture,ENSMUSG00000074622,Mafb
Mbd1-1,Mbd1_1,R2,(BC)GTTTAAGAGCTA,GGCGCGGAGCCTCCCCAATG,CRISPR Guide Capture,ENSMUSG00000024561,Mbd1
Mbd1-3,Mbd1_3,R2,(BC)GTTTAAGAGCTA,TGCGCACTGCGGCTTCACAG,CRISPR Guide Capture,ENSMUSG00000024561,Mbd1
Nfix-1,Nfix_1,R2,(BC)GTTTAAGAGCTA,GCGGGGCGGGTGAGCGCGGC,CRISPR Guide Capture,ENSMUSG00000001911,Nfix
Nfix-2,Nfix_2,R2,(BC)GTTTAAGAGCTA,CGGGAGGAGGGGCGCGGGGA,CRISPR Guide Capture,ENSMUSG00000001911,Nfix
Nr0b2-1,Nr0b2_1,R2,(BC)GTTTAAGAGCTA,CAATGCATACACGCTGACCC,CRISPR Guide Capture,ENSMUSG00000037583,Nr0b2
Nr0b2-5,Nr0b2_5,R2,(BC)GTTTAAGAGCTA,CAGAAGTCATGTTCATTGAA,CRISPR Guide Capture,ENSMUSG00000037583,Nr0b2
Nr1d1-1,Nr1d1_1,R2,(BC)GTTTAAGAGCTA,GCAGGTACCATGTGATTCCA,CRISPR Guide Capture,ENSMUSG00000020889,Nr1d1
Nr1d1-3,Nr1d1_3,R2,(BC)GTTTAAGAGCTA,ACCTGCTCCAGTGCCGCGTG,CRISPR Guide Capture,ENSMUSG00000020889,Nr1d1
Nr1d2-1,Nr1d2_1,R2,(BC)GTTTAAGAGCTA,GGGTAGGAGCGGGAGAGTCG,CRISPR Guide Capture,ENSMUSG00000021775,Nr1d2
Nr1d2-3,Nr1d2_3,R2,(BC)GTTTAAGAGCTA,GGAGCCTGTATAGAGGAAGT,CRISPR Guide Capture,ENSMUSG00000021775,Nr1d2
Nr1h4-1,Nr1h4_1,R2,(BC)GTTTAAGAGCTA,TACTAGGCAATTTGGCATTG,CRISPR Guide Capture,ENSMUSG00000047638,Nr1h4
Nr1h4-2,Nr1h4_2,R2,(BC)GTTTAAGAGCTA,TGCCAAATTGCCTAGTAAGC,CRISPR Guide Capture,ENSMUSG00000047638,Nr1h4
Nr1i3-1,Nr1i3_1,R2,(BC)GTTTAAGAGCTA,CATGCCCGAGAAGTGTTGGT,CRISPR Guide Capture,ENSMUSG00000005677,Nr1i3
Nr1i3-4,Nr1i3_4,R2,(BC)GTTTAAGAGCTA,CAACACTTCTCGGGCATGCT,CRISPR Guide Capture,ENSMUSG00000005677,Nr1i3
Parp14-1,Parp14_1,R2,(BC)GTTTAAGAGCTA,GAAGATAGAAACTAAGGACG,CRISPR Guide Capture,ENSMUSG00000034422,Parp14
Parp14-3,Parp14_3,R2,(BC)GTTTAAGAGCTA,ATTCCAATCCTGGGATAGCG,CRISPR Guide Capture,ENSMUSG00000034422,Parp14
Parp3-1,Parp3_1,R2,(BC)GTTTAAGAGCTA,AGTGGGGTGAGTCAGAGGCT,CRISPR Guide Capture,ENSMUSG00000023249,Parp3
Parp3-2,Parp3_2,R2,(BC)GTTTAAGAGCTA,ATTACTGTCATTTCATCTCT,CRISPR Guide Capture,ENSMUSG00000023249,Parp3
Parp6-1,Parp6_1,R2,(BC)GTTTAAGAGCTA,CGGAAGAGGACACCTGATCG,CRISPR Guide Capture,ENSMUSG00000025237,Parp6
Parp6-3,Parp6_3,R2,(BC)GTTTAAGAGCTA,GCACCACACGCCTCAGCGTG,CRISPR Guide Capture,ENSMUSG00000025237,Parp6
Parp9-1,Parp9_1,R2,(BC)GTTTAAGAGCTA,GAGCCAGACGCGGATAGCCA,CRISPR Guide Capture,ENSMUSG00000022906,Parp9
Parp9-4,Parp9_4,R2,(BC)GTTTAAGAGCTA,CTGGCTCGTTTGGGGCTCAG,CRISPR Guide Capture,ENSMUSG00000022906,Parp9
Pdcd4-1,Pdcd4_1,R2,(BC)GTTTAAGAGCTA,GGCGTCTATTGGCCGAGAGG,CRISPR Guide Capture,ENSMUSG00000024975,Pdcd4
Pdcd4-4,Pdcd4_4,R2,(BC)GTTTAAGAGCTA,CGTCCCGCAGCCAATCGTGG,CRISPR Guide Capture,ENSMUSG00000024975,Pdcd4
Pparg-1,Pparg_1,R2,(BC)GTTTAAGAGCTA,GACGCGGAAGAAGAGACCTG,CRISPR Guide Capture,ENSMUSG00000000440,Pparg
Pparg-3,Pparg_3,R2,(BC)GTTTAAGAGCTA,CAGAGTCGCCCCGGGCCACG,CRISPR Guide Capture,ENSMUSG00000000440,Pparg
Prkaa2-1,Prkaa2_1,R2,(BC)GTTTAAGAGCTA,GCGCGTGTGGACGCAGGCTG,CRISPR Guide Capture,ENSMUSG00000028518,Prkaa2
Prkaa2-3,Prkaa2_3,R2,(BC)GTTTAAGAGCTA,GGCGTCCCGAGAAAAGCCCA,CRISPR Guide Capture,ENSMUSG00000028518,Prkaa2
Prox1-1,Prox1_1,R2,(BC)GTTTAAGAGCTA,AGGCGCCTTCGGATTCAAGG,CRISPR Guide Capture,ENSMUSG00000010175,Prox1
Prox1-5,Prox1_5,R2,(BC)GTTTAAGAGCTA,CACAGTCCCACTGACGTACC,CRISPR Guide Capture,ENSMUSG00000010175,Prox1
Rbl2-1,Rbl2_1,R2,(BC)GTTTAAGAGCTA,TGGGAAATGTAGTCTCGGCC,CRISPR Guide Capture,ENSMUSG00000031666,Rbl2
Rbl2-2,Rbl2_2,R2,(BC)GTTTAAGAGCTA,CTCAGGGAGACCAAAAGTCA,CRISPR Guide Capture,ENSMUSG00000031666,Rbl2
Rorc-1,Rorc_1,R2,(BC)GTTTAAGAGCTA,AGAGTGTCCTGGCACAGGAG,CRISPR Guide Capture,ENSMUSG00000028150,Rorc
Rorc-2,Rorc_2,R2,(BC)GTTTAAGAGCTA,TTCCTCAAGACTCCAGACAC,CRISPR Guide Capture,ENSMUSG00000028150,Rorc
Sat1-1,Sat1_1,R2,(BC)GTTTAAGAGCTA,CGGAGAGATCGCGACCAGTA,CRISPR Guide Capture,ENSMUSG00000025283,Sat1
Sat1-2,Sat1_2,R2,(BC)GTTTAAGAGCTA,GGGCTCTCTCGTGACACCCA,CRISPR Guide Capture,ENSMUSG00000025283,Sat1
Trip4-1,Trip4_1,R2,(BC)GTTTAAGAGCTA,GCCTGCGCGACCGAGCGGGG,CRISPR Guide Capture,ENSMUSG00000032386,Trip4
Trip4-2,Trip4_2,R2,(BC)GTTTAAGAGCTA,ACGTTTCTCACTCGTAGATC,CRISPR Guide Capture,ENSMUSG00000032386,Trip4
Tsc22d3-1,Tsc22d3_1,R2,(BC)GTTTAAGAGCTA,ATGCAAATGAGTCCTGTACT,CRISPR Guide Capture,ENSMUSG00000031431,Tsc22d3
Tsc22d3-2,Tsc22d3_2,R2,(BC)GTTTAAGAGCTA,GGAGGGGATGTGGTTTAACT,CRISPR Guide Capture,ENSMUSG00000031431,Tsc22d3
Ube2q2-1,Ube2q2_1,R2,(BC)GTTTAAGAGCTA,GAAAGGGGCTGGGTCATGAG,CRISPR Guide Capture,ENSMUSG00000032307,Ube2q2
Ube2q2-4,Ube2q2_4,R2,(BC)GTTTAAGAGCTA,TCATGAGAGGAGGGGGCGGT,CRISPR Guide Capture,ENSMUSG00000032307,Ube2q2
Xbp1-1,Xbp1_1,R2,(BC)GTTTAAGAGCTA,ATGAATATACCCGCGCGTCA,CRISPR Guide Capture,ENSMUSG00000020484,Xbp1
Xbp1-3,Xbp1_3,R2,(BC)GTTTAAGAGCTA,TATTGGTCCTGTAGTCCCGG,CRISPR Guide Capture,ENSMUSG00000020484,Xbp1
Zbtb16-2,Zbtb16_2,R2,(BC)GTTTAAGAGCTA,CTAAAGATGGAGAGGCGCCG,CRISPR Guide Capture,ENSMUSG00000066687,Zbtb16
Zbtb16-3,Zbtb16_3,R2,(BC)GTTTAAGAGCTA,CGCCTCTCCATCTTTAGTGC,CRISPR Guide Capture,ENSMUSG00000066687,Zbtb16
Zbtb20-1,Zbtb20_1,R2,(BC)GTTTAAGAGCTA,AGGGCTGTCTGCTGTCTGGT,CRISPR Guide Capture,ENSMUSG00000022708,Zbtb20
Zbtb20-5,Zbtb20_5,R2,(BC)GTTTAAGAGCTA,CAGCCCTCCTTCCCCTACCC,CRISPR Guide Capture,ENSMUSG00000022708,Zbtb20
Zfp809-1,Zfp809_1,R2,(BC)GTTTAAGAGCTA,AGTCACCAATCGATGACGGA,CRISPR Guide Capture,ENSMUSG00000057982,Zfp809
Zfp809-4,Zfp809_4,R2,(BC)GTTTAAGAGCTA,GATCATACGGAAAGTCTTAG,CRISPR Guide Capture,ENSMUSG00000057982,Zfp809
Zfp874a-1,Zfp874a_1,R2,(BC)GTTTAAGAGCTA,ACACATCAATGTAGAAATCC,CRISPR Guide Capture,ENSMUSG00000069206,Zfp874a
Zfp874a-2,Zfp874a_2,R2,(BC)GTTTAAGAGCTA,GATGGCGTTGCAGGAGTCCT,CRISPR Guide Capture,ENSMUSG00000069206,Zfp874a
Zfp970-1,Zfp970_1,R2,(BC)GTTTAAGAGCTA,TAGAGTTACTGCCCACAAGG,CRISPR Guide Capture,ENSMUSG00000078866,Zfp970
Zfp970-5,Zfp970_5,R2,(BC)GTTTAAGAGCTA,ACACACTCTAACCCTAAGGG,CRISPR Guide Capture,ENSMUSG00000078866,Zfp970
Zhx2-1,Zhx2_1,R2,(BC)GTTTAAGAGCTA,TGTCTGTCTGTCTGCCAGGC,CRISPR Guide Capture,ENSMUSG00000071757,Zhx2
Zhx2-3,Zhx2_3,R2,(BC)GTTTAAGAGCTA,ATCAACCGTTCTCCGTACCG,CRISPR Guide Capture,ENSMUSG00000071757,Zhx2
Zhx3-1,Zhx3_1,R2,(BC)GTTTAAGAGCTA,GGGTCGCCTCAGGCGCTAGG,CRISPR Guide Capture,ENSMUSG00000035877,Zhx3
Zhx3-2,Zhx3_2,R2,(BC)GTTTAAGAGCTA,GCAAGCCCCTTGACGTCGCG,CRISPR Guide Capture,ENSMUSG00000035877,Zhx3
Znfx1-1,Znfx1_1,R2,(BC)GTTTAAGAGCTA,CTCAGCGCCCGCGGTAGCGG,CRISPR Guide Capture,ENSMUSG00000039501,Znfx1
Znfx1-4,Znfx1_4,R2,(BC)GTTTAAGAGCTA,CGCCCTTCCGCCCGCCCCGA,CRISPR Guide Capture,ENSMUSG00000039501,Znfx1
NEG-CTRL-1,NEG_CTRL-1,R2,(BC)GTTTAAGAGCTA,GCTTTCACGGAGGTTCGACG,CRISPR Guide Capture,Non-Targeting,Non-Targeting
NEG-CTRL-2,NEG_CTRL-2,R2,(BC)GTTTAAGAGCTA,ATGTTGCAGTTCGGCTCGAT,CRISPR Guide Capture,Non-Targeting,Non-Targeting